file,R,S,M,Y,C,L,MES_60,n_frames,duration_s
Moguls_Männer_Final_1_07_HD_poses.csv,0.8067996146771729,0.5881406960495139,0.906545683770796,0.9377526273241726,0.40899283569104605,0.6,42.48231457512701,61,2.4
Moguls_Frauen_Final_2_09_HD_poses.csv,0.8935004459659488,0.6533593960010704,0.878973351625348,0.9418007531667181,0.18288216104670574,0.638095238095238,41.88611345901029,106,4.2
Moguls_Frauen_Final_2_04_HD_poses.csv,0.827433321170533,0.47305711798465533,0.8677485902198421,0.9620474680083145,0.39841991669141563,0.607843137254902,41.36549551329662,205,8.2
Moguls_Frauen_Final_2_08_HD_poses.csv,0.8900310304888855,0.569295402839866,0.8804665395748357,0.7757685352621981,0.3934625120255164,0.6198347107438016,41.28858730935104,122,4.9
Moguls_Männer_Final_1_06_HD_poses.csv,0.621660871878458,0.6926251631499296,0.8710113562352908,0.8632768361581988,0.3347789928457899,0.7327586206896552,41.16111840957323,117,4.7
Moguls_Männer_Final_1_01_HD_poses.csv,0.6559895419231092,0.6785236920805096,0.9054850193801548,0.9996538594669478,0.32903062744757816,0.515625,40.843077402983,65,2.6
Moguls_Frauen_Final_1_09_HD_poses.csv,0.8077294088861997,0.608256838018491,0.8991728827428991,0.97513543547715,0.16210482416783173,0.6142857142857143,40.66685103578286,351,14.0
Moguls_Männer_Final_2_08_HD_poses.csv,0.7273636795101746,0.4670496450591791,0.8873170566977068,0.9077199281867128,0.4311370518923811,0.6428571428571428,40.63444504203297,127,5.1
Moguls_Frauen_Final_2_01_HD_poses.csv,0.7012193804541287,0.6165721397718428,0.8875224202323015,0.8914837930340223,0.3661628918661386,0.6,40.62960625358433,146,5.8
Moguls_Frauen_Final_1_18_HD_poses.csv,0.883690301830774,0.5342702232634521,0.8819549193296777,0.960016319869431,0.2101578760877713,0.5786516853932584,40.48741325774365,179,7.2
Moguls_Frauen_Final_2_07_HD_poses.csv,0.8498028908479489,0.5085560305601331,0.8693157896990364,0.9141718460881534,0.30904745451126575,0.5913043478260869,40.42198359532624,116,4.6
Moguls_Männer_Final_1_02_HD_poses.csv,0.7632894590270548,0.5670269666830801,0.8889232755634373,0.755322744170324,0.44981578230472163,0.6145833333333333,40.38961561081951,97,3.9
Moguls_Frauen_Final_1_04_HD_poses.csv,0.6967397833497277,0.5224004051882318,0.8610891474275324,0.9557390936044163,0.41188835752201003,0.5904761904761905,40.38332977568109,106,4.2
Moguls_Männer_Final_2_01_HD_poses.csv,0.6629833135977088,0.6479428024545327,0.9055969883328467,0.8021558193478,0.31770741879442216,0.7010309278350515,40.374172703623614,98,3.9
Moguls_Frauen_Final_1_06_HD_poses.csv,0.8691077579168996,0.600838373842796,0.8660988062580641,0.8675732770002687,0.19889388759593638,0.627906976744186,40.304190793581505,130,5.2
Moguls_Frauen_Final_1_12_HD_poses.csv,0.8090991129196969,0.5627698599122964,0.8456491573909051,0.9416368895695146,0.30177229253665727,0.5471698113207547,40.08097123649825,107,4.3
Moguls_Männer_Final_2_07_HD_poses.csv,0.8823122117105374,0.6964114512168611,0.9127175537475154,0.5811584977721252,0.32523019568787265,0.6046511627906976,40.02481072925609,87,3.5
Moguls_Frauen_Final_1_11_HD_poses.csv,0.8235054968941764,0.4282915689387642,0.8946479387053429,0.9609018949388317,0.22957349496563695,0.6363636363636364,39.732840308063885,89,3.6
Moguls_Frauen_Final_2_11_HD_poses.csv,0.6780652623455463,0.5223053488624385,0.9170639395812181,0.9674911076184919,0.2195024656542836,0.6582914572864322,39.6271958134841,200,8.0
Moguls_Männer_Final_1_12_HD_poses.csv,0.45798242870869266,0.5766906427817715,0.8875857909914378,0.8490870032223349,0.48274016352333493,0.6857142857142857,39.39800314941857,176,7.0
Moguls_Frauen_Final_1_20_HD_poses.csv,0.6710718120480785,0.5887565151824588,0.8862301510852909,0.8660648216664205,0.23461850624370784,0.6846846846846847,39.31426490910641,112,4.5
Moguls_Frauen_Final_1_23_HD_poses.csv,0.7248377102248825,0.6292903718671706,0.8550544178894102,0.9794549266247328,0.03628864193351807,0.696969696969697,39.218957655094115,166,6.6
Moguls_Frauen_Final_2_06_HD_poses.csv,0.9101899581260582,0.5192409533962559,0.8796336509330045,0.9038854805725991,0.12563565214239034,0.5629139072847682,39.01499602455076,152,6.1
Moguls_Frauen_Final_1_02_HD_poses.csv,0.8461367317896218,0.5173094415263716,0.8610813777771518,0.8061085693087745,0.23140759334424943,0.6363636363636364,38.98407350109805,122,4.9
Moguls_Frauen_Final_1_10_HD_poses.csv,0.6464973963624709,0.689134897697786,0.8813645056300581,0.9092922581294651,0.14608362511021933,0.6260162601626016,38.98388943092601,124,5.0
Moguls_Männer_Final_2_19_HD_poses.csv,0.4808307841731271,0.6149760324379968,0.8779734105468058,0.8746634759198302,0.40510981487985065,0.6237623762376238,38.773158941952346,102,4.1
Moguls_Männer_Final_2_06_HD_poses.csv,0.5792749361614632,0.5647330775883588,0.8749158230321925,0.8734085121862536,0.34656310801028956,0.6218487394957983,38.60744196474356,120,4.8
Moguls_Frauen_Final_1_08_HD_poses.csv,0.634291166458812,0.6311431333878151,0.8844188824162457,0.7049913313258493,0.40568606851194144,0.5967741935483871,38.573047756490496,125,5.0
Moguls_Männer_Final_1_03_HD_poses.csv,0.6542637888551548,0.45667118236403537,0.8826462892661481,0.8254506239408349,0.3968295400835966,0.625,38.408614245097695,105,4.2
Moguls_Frauen_Final_1_05_HD_poses.csv,0.6587604295448073,0.4691049506224104,0.8956489069330029,0.9087058823529386,0.20997270009284752,0.6774193548387097,38.196122243847164,94,3.8
Moguls_Männer_Final_2_05_HD_poses.csv,0.701297259700187,0.43904214072528125,0.8714995517635266,0.923128792987181,0.21613688391647717,0.6621621621621622,38.13266791254815,75,3.0
Moguls_Frauen_Final_1_01_HD_poses.csv,0.6080816411546915,0.5083658089022243,0.8883595123576974,0.7749987667110654,0.3035477472413761,0.7142857142857143,37.976391906527695,85,3.4
Moguls_Männer_Final_1_22_HD_poses.csv,0.5256627956428657,0.5104602270217141,0.8615941780033007,0.9489653336882068,0.27391207971312304,0.6483516483516483,37.68946262420859,92,3.7
Moguls_Frauen_Final_1_15_HD_poses.csv,0.7059503550393722,0.48264982827854386,0.88347837866996,0.7242815668784461,0.34730898663382564,0.6130030959752322,37.5667221147538,324,13.0
Moguls_Männer_Final_1_19_HD_poses.csv,0.6186757767131674,0.7050783095721755,0.8771042500413476,0.5082289363792689,0.43750559103173753,0.6063829787234043,37.52975842461101,95,3.8
Moguls_Frauen_Final_2_12_HD_poses.csv,0.728482487103041,0.4706791560601933,0.8890725962218894,0.8305730891819267,0.26604334579566014,0.5555555555555556,37.404062299182655,109,4.4
Moguls_Frauen_Final_1_17_HD_poses.csv,0.8025797237089923,0.47977227099722286,0.8720678465313312,0.8414599641610909,0.07767974293604282,0.6407766990291262,37.143362473638064,104,4.2
Moguls_Frauen_Final_1_14_HD_poses.csv,0.7315812765265599,0.554710828281268,0.9069102618034833,0.7322741285273905,0.11841225747766286,0.6454545454545455,36.8934329807091,111,4.4
Moguls_Männer_Final_1_04_HD_poses.csv,0.8236165792623606,0.4486481047973633,0.8635897337577975,0.4232157733962828,0.4995949527572811,0.6296296296296297,36.882947736007154,82,3.3
Moguls_Frauen_Final_1_03_HD_poses.csv,0.6874765222943962,0.6151473584626281,0.8817023575353057,0.5688121402407096,0.29060887558157245,0.6390977443609023,36.82844998475514,134,5.4
Moguls_Männer_Final_2_02_HD_poses.csv,0.27778119658928857,0.519425126446855,0.9154170372659446,0.9066050065346429,0.3621659795978007,0.6293103448275862,36.107046912621186,117,4.7
Moguls_Männer_Final_1_15_HD_poses.csv,0.5516573282075476,0.5530284553019977,0.8851726426714331,0.7189706878204472,0.2345028082401631,0.6592178770949721,36.02549799336561,180,7.2
Moguls_Frauen_Final_1_07_HD_poses.csv,0.40134121861744365,0.5043264316438605,0.8512566811249918,0.8650784690075691,0.276373963660701,0.6428571428571428,35.41233906911709,113,4.5
Moguls_Männer_Final_2_03_HD_poses.csv,0.4253559789949781,0.5165377821079629,0.8592772342459956,0.9928380187416329,0.06370278602147525,0.6785714285714286,35.36283228683473,113,4.5
Moguls_Männer_Final_1_18_HD_poses.csv,0.32828156505010675,0.38457884836875167,0.8674039702725144,0.9372916666666716,0.3945965365183576,0.6176470588235294,35.297996456999314,103,4.1
Moguls_Männer_Final_1_10_HD_poses.csv,0.6335171815778998,0.5354272064399019,0.8870318746714532,0.37672483025479686,0.4066814562080843,0.6610169491525424,35.00399498304678,119,4.8
Moguls_Männer_Final_1_20_HD_poses.csv,0.5580582617584078,0.44142303841999986,0.8635171763585487,0.687758620689653,0.20841229692135163,0.7313432835820896,34.90512677730051,68,2.7
Moguls_Männer_Final_1_11_HD_poses.csv,0.4838927713107495,0.4638835307816612,0.8572898037028449,0.6313905930470515,0.24626524012473006,0.7029702970297029,33.8569223599674,102,4.1
Moguls_Frauen_Final_1_13_HD_poses.csv,0.6586127340561818,0.3479734039830762,0.8869979908732106,0.8842186819040267,0.0,0.5961538461538461,33.73956656970341,105,4.2
Moguls_Männer_Final_1_05_HD_poses.csv,0.5911143191550969,0.4106497574958985,0.889262589347668,0.4633056796426307,0.2891005367338288,0.7083333333333333,33.51766215708456,97,3.9
Moguls_Männer_Final_1_08_HD_poses.csv,0.33581516261178534,0.21281753248397484,0.8782255439611276,0.659660236107114,0.4906335416023385,0.6891891891891893,32.6634120595553,75,3.0
Moguls_Männer_Final_1_23_HD_poses.csv,0.574204538366214,0.5441187339033382,0.8341496981597766,0.32249407344456016,0.19363694114296504,0.72,31.886039850168537,76,3.0
Moguls_Männer_Final_1_14_HD_poses.csv,0.074088166751893,0.007031911426505277,0.8151149297826306,0.9789731464279672,0.0,0.46706586826347307,23.422740226524688,168,6.7
Moguls_Männer_Final_1_09_HD_poses.csv,0.08378694247352758,0.0,0.8971612256419812,0.5417423312883438,0.0,0.460431654676259,19.831221540801117,140,5.6
